annotation_id,image_id,reason
1,1,excluded_category
7,2,excluded_category
8,3,excluded_category
10,4,excluded_category
13,6,excluded_category
15,6,excluded_category
19,12,excluded_category
20,13,excluded_category
21,14,excluded_category
23,16,excluded_category
25,18,excluded_category
27,20,excluded_category
29,22,excluded_category
30,22,excluded_category
35,24,excluded_category
36,25,excluded_category
38,26,excluded_category
42,28,excluded_category
46,30,excluded_category
50,32,excluded_category
52,34,excluded_category
54,36,excluded_category
56,38,excluded_category
58,39,excluded_category
60,40,excluded_category
62,41,excluded_category
64,43,excluded_category
66,45,excluded_category
68,47,excluded_category
70,49,excluded_category
72,51,excluded_category
74,53,excluded_category
76,55,excluded_category
78,57,excluded_category
80,59,excluded_category
85,61,excluded_category
86,62,excluded_category
87,62,excluded_category
90,64,excluded_category
92,66,excluded_category
93,66,excluded_category
96,68,excluded_category
98,70,excluded_category
102,72,excluded_category
104,74,excluded_category
106,76,excluded_category
107,76,excluded_category
110,78,excluded_category
112,80,excluded_category
120,82,excluded_category
122,84,excluded_category
124,86,excluded_category
128,88,excluded_category
129,89,excluded_category
130,90,excluded_category
131,90,excluded_category
132,91,excluded_category
133,92,excluded_category
134,93,excluded_category
139,94,excluded_category
140,94,excluded_category
146,96,excluded_category
150,97,excluded_category
153,98,excluded_category
154,99,excluded_category
158,100,excluded_category
160,101,excluded_category
161,102,excluded_category
165,103,excluded_category
167,104,excluded_category
169,105,excluded_category
170,106,excluded_category
172,108,excluded_category
174,110,excluded_category
176,112,excluded_category
177,113,excluded_category
178,114,excluded_category
179,115,excluded_category
180,116,excluded_category
181,117,excluded_category
182,118,excluded_category
183,119,excluded_category
184,120,excluded_category
185,121,excluded_category
186,122,excluded_category
187,123,excluded_category
188,124,excluded_category
189,125,excluded_category
190,126,excluded_category
191,127,excluded_category
192,128,excluded_category
193,129,excluded_category
194,130,excluded_category
195,131,excluded_category
196,132,excluded_category
197,133,excluded_category
198,134,excluded_category
199,135,excluded_category
200,136,excluded_category
201,137,excluded_category
202,138,excluded_category
203,139,excluded_category
204,140,excluded_category
205,141,excluded_category
206,142,excluded_category
207,143,excluded_category
208,144,excluded_category
209,145,excluded_category
210,146,excluded_category
211,147,excluded_category
212,148,excluded_category
213,149,excluded_category
214,150,excluded_category
215,151,excluded_category
216,152,excluded_category
217,153,excluded_category
218,154,excluded_category
219,155,excluded_category
220,156,excluded_category
221,157,excluded_category
222,158,excluded_category
223,159,excluded_category
224,160,excluded_category
225,161,excluded_category
226,162,excluded_category
227,163,excluded_category
228,164,excluded_category
229,165,excluded_category
231,167,excluded_category
232,168,excluded_category
233,169,excluded_category
234,170,excluded_category
235,171,excluded_category
236,172,excluded_category
237,173,excluded_category
238,174,excluded_category
239,175,excluded_category
240,176,excluded_category
241,177,excluded_category
242,178,excluded_category
243,179,excluded_category
244,180,excluded_category
245,181,excluded_category
246,182,excluded_category
247,183,excluded_category
248,184,excluded_category
249,185,excluded_category
250,186,excluded_category
251,187,excluded_category
252,188,excluded_category
253,189,excluded_category
254,190,excluded_category
255,191,excluded_category
256,192,excluded_category
257,193,excluded_category
258,194,excluded_category
259,195,excluded_category
260,196,excluded_category
261,197,excluded_category
262,198,excluded_category
263,199,excluded_category
264,200,excluded_category
265,201,excluded_category
266,202,excluded_category
267,203,excluded_category
268,204,excluded_category
269,205,excluded_category
270,206,excluded_category
271,207,excluded_category
272,208,excluded_category
273,209,excluded_category
274,210,excluded_category
275,211,excluded_category
276,212,excluded_category
277,213,excluded_category
278,214,excluded_category
279,215,excluded_category
280,216,excluded_category
281,217,excluded_category
282,218,excluded_category
283,219,excluded_category
284,220,excluded_category
285,221,excluded_category
286,222,excluded_category
287,223,excluded_category
288,224,excluded_category
289,225,excluded_category
290,226,excluded_category
291,227,excluded_category
292,228,excluded_category
293,229,excluded_category
294,230,excluded_category
295,231,excluded_category
296,232,excluded_category
297,233,excluded_category
298,234,excluded_category
299,235,excluded_category
300,236,excluded_category
301,237,excluded_category
302,238,excluded_category
303,239,excluded_category
304,240,excluded_category
305,241,excluded_category
306,242,excluded_category
307,243,excluded_category
308,244,excluded_category
309,245,excluded_category
310,246,excluded_category
311,247,excluded_category
312,248,excluded_category
313,249,excluded_category
314,250,excluded_category
315,251,excluded_category
316,252,excluded_category
317,253,excluded_category
318,254,excluded_category
319,255,excluded_category
320,256,excluded_category
978,887,excluded_category
994,893,excluded_category
995,893,excluded_category
996,893,excluded_category
1021,907,excluded_category
1037,917,excluded_category
1054,923,excluded_category
1059,926,excluded_category
1069,930,excluded_category
1133,946,excluded_category
1134,947,excluded_category
1163,955,excluded_category
1164,956,excluded_category
1186,967,excluded_category
1226,983,excluded_category
1227,983,excluded_category
1233,1020,excluded_category
1234,1020,excluded_category
1235,1020,excluded_category
1236,1020,excluded_category
1284,1046,excluded_category
1285,1046,excluded_category
1327,995,excluded_category
1344,1002,excluded_category
1345,1006,excluded_category
1346,1060,excluded_category
1347,1110,excluded_category
1348,1112,excluded_category
1349,1119,excluded_category
1350,1130,excluded_category
1351,1136,excluded_category
1352,1137,excluded_category
1353,1137,excluded_category
1354,1148,excluded_category
1355,1148,excluded_category
1356,1158,excluded_category
1357,1158,excluded_category
1358,1158,excluded_category
1359,1158,excluded_category
1360,1158,excluded_category
1362,1161,excluded_category
1364,1178,excluded_category
1449,1255,excluded_category
1450,1255,excluded_category
1451,1255,excluded_category
1579,1531,excluded_category
1687,1681,excluded_category
1688,1682,excluded_category
1689,1685,excluded_category
1690,1687,excluded_category
1691,1688,excluded_category
1692,1689,excluded_category
1693,1689,excluded_category
1694,1690,excluded_category
1695,1690,excluded_category
1696,1692,excluded_category
1697,1693,excluded_category
1698,1693,excluded_category
1699,1694,excluded_category
1700,1694,excluded_category
1701,1695,excluded_category
1702,1696,excluded_category
1703,1696,excluded_category
1704,1697,excluded_category
1705,1698,excluded_category
1706,1700,excluded_category
1707,1700,excluded_category
1708,1700,excluded_category
1712,1701,excluded_category
1713,1702,excluded_category
1714,1702,excluded_category
1715,1702,excluded_category
1716,1702,excluded_category
1717,1702,excluded_category
1718,1702,excluded_category
1719,1702,excluded_category
1720,1703,excluded_category
1721,1704,excluded_category
1722,1704,excluded_category
1723,1705,excluded_category
1724,1706,excluded_category
1725,1706,excluded_category
1726,1706,excluded_category
1727,1707,excluded_category
1729,1709,excluded_category
1730,1709,excluded_category
1731,1709,excluded_category
1732,1710,excluded_category
1733,1710,excluded_category
1734,1710,excluded_category
1735,1710,excluded_category
1736,1710,excluded_category
1737,1710,excluded_category
1738,1710,excluded_category
1739,1710,excluded_category
1740,1710,excluded_category
1741,1710,excluded_category
1742,1710,excluded_category
1743,1710,excluded_category
1744,1710,excluded_category
1745,1711,excluded_category
1746,1712,excluded_category
1747,1713,excluded_category
1748,1713,excluded_category
1749,1713,excluded_category
1750,1714,excluded_category
1751,1716,excluded_category
1752,1717,excluded_category
1753,1717,excluded_category
1754,1717,excluded_category
1755,1718,excluded_category
1756,1720,excluded_category
1757,1720,excluded_category
1758,1720,excluded_category
1759,1720,excluded_category
1765,1721,excluded_category
1766,1722,excluded_category
1767,1724,excluded_category
1768,1724,excluded_category
1770,1726,excluded_category
1771,1728,excluded_category
1772,1728,excluded_category
1774,1729,excluded_category
1775,1729,excluded_category
1776,1731,excluded_category
1777,1731,excluded_category
1778,1731,excluded_category
1779,1731,excluded_category
1780,1732,excluded_category
1781,1734,excluded_category
1782,1735,excluded_category
1783,1738,excluded_category
1784,1738,excluded_category
1785,1739,excluded_category
1786,1740,excluded_category
1788,1742,excluded_category
1789,1743,excluded_category
1790,1743,excluded_category
1791,1743,excluded_category
1792,1743,excluded_category
1793,1743,excluded_category
1794,1743,excluded_category
1795,1744,excluded_category
1796,1745,excluded_category
1797,1745,excluded_category
1798,1746,excluded_category
1799,1747,excluded_category
1800,1747,excluded_category
1801,1747,excluded_category
1802,1748,excluded_category
1803,1749,excluded_category
1804,1750,excluded_category
1805,1750,excluded_category
1806,1751,excluded_category
1807,1753,excluded_category
1808,1753,excluded_category
1809,1758,excluded_category
1810,1759,excluded_category
1811,1759,excluded_category
1812,1760,excluded_category
1813,1760,excluded_category
1814,1760,excluded_category
1815,1761,excluded_category
1816,1761,excluded_category
1817,1761,excluded_category
1818,1762,excluded_category
1819,1763,excluded_category
1820,1886,excluded_category
1821,1886,excluded_category
1822,1889,excluded_category
1823,1890,excluded_category
1824,1891,excluded_category
1825,1891,excluded_category
1826,1892,excluded_category
1828,1894,excluded_category
1830,1895,excluded_category
1832,1896,excluded_category
1833,1897,excluded_category
1835,1898,excluded_category
1837,1899,excluded_category
1838,1899,excluded_category
1839,1899,excluded_category
1840,1899,excluded_category
1841,1899,excluded_category
1842,1899,excluded_category
1843,1900,excluded_category
1845,1901,excluded_category
1846,1901,excluded_category
1855,1902,excluded_category
1857,1903,excluded_category
1858,1904,excluded_category
1859,1905,excluded_category
1860,1905,excluded_category
1861,1905,excluded_category
1865,1906,excluded_category
1867,1909,excluded_category
1869,1910,excluded_category
1870,1910,excluded_category
1871,1911,excluded_category
1872,1911,excluded_category
1873,1911,excluded_category
1877,1912,excluded_category
1878,1912,excluded_category
1881,1913,excluded_category
1883,1916,excluded_category
1885,1918,excluded_category
1886,1918,excluded_category
1887,1918,excluded_category
1888,1918,excluded_category
1889,1919,excluded_category
1890,1919,excluded_category
1894,1921,excluded_category
1895,1921,excluded_category
1896,1923,excluded_category
1897,1924,excluded_category
1898,1924,excluded_category
1901,1925,excluded_category
1902,1925,excluded_category
1903,1926,excluded_category
1905,1927,excluded_category
1907,1928,excluded_category
1908,1929,excluded_category
1909,1929,excluded_category
1910,1930,excluded_category
1911,1930,excluded_category
1914,1931,excluded_category
1915,1931,excluded_category
1918,1934,excluded_category
1919,1934,excluded_category
1920,1934,excluded_category
1921,1934,excluded_category
1922,1934,excluded_category
1923,1934,excluded_category
1924,1934,excluded_category
1925,1935,excluded_category
1927,1936,excluded_category
1928,1936,excluded_category
1929,1936,excluded_category
1930,1937,excluded_category
1932,1938,excluded_category
1934,1939,excluded_category
1936,1940,excluded_category
1940,1940,excluded_category
1941,1941,excluded_category
1943,1942,excluded_category
1944,1942,excluded_category
1945,1942,excluded_category
1946,1942,excluded_category
1947,1942,excluded_category
1951,1943,excluded_category
1953,1945,excluded_category
1954,1945,excluded_category
1955,1945,excluded_category
1956,1946,excluded_category
1958,1947,excluded_category
1959,1947,excluded_category
1960,1947,excluded_category
1964,1950,excluded_category
1965,1951,excluded_category
1966,1951,excluded_category
1973,1953,excluded_category
1974,1953,excluded_category
1975,1954,excluded_category
1976,1954,excluded_category
1977,1955,excluded_category
1979,1956,excluded_category
1981,1957,excluded_category
1983,1958,excluded_category
1985,1959,excluded_category
1986,1960,excluded_category
1987,1960,excluded_category
1988,1962,excluded_category
1989,1962,excluded_category
1990,1964,excluded_category
1992,1967,excluded_category
1993,1968,excluded_category
1995,1969,excluded_category
1996,1969,excluded_category
1997,1969,excluded_category
2000,1971,excluded_category
2001,1972,excluded_category
2002,1973,excluded_category
2003,1974,excluded_category
2004,1975,excluded_category
2005,1976,excluded_category
2006,1977,excluded_category
2007,1978,excluded_category
2008,1978,excluded_category
2009,1979,excluded_category
2010,1979,excluded_category
2011,1980,excluded_category
2013,1981,excluded_category
2014,1981,excluded_category
2017,1983,excluded_category
2018,1983,excluded_category
2019,1984,excluded_category
2021,1987,excluded_category
2022,1989,excluded_category
2023,1990,excluded_category
2024,1990,excluded_category
2025,1994,excluded_category
2026,1995,excluded_category
2027,1996,excluded_category
2028,2000,excluded_category
2029,2001,excluded_category
2031,2002,excluded_category
2033,2003,excluded_category
2036,2004,excluded_category
2038,2005,excluded_category
2040,2006,excluded_category
2041,2006,excluded_category
2042,2006,excluded_category
2043,2007,excluded_category
2044,2008,excluded_category
2045,2008,excluded_category
2046,2008,excluded_category
2050,2009,excluded_category
2051,2010,excluded_category
2052,2011,excluded_category
2053,2013,excluded_category
2054,2013,excluded_category
2055,2014,excluded_category
2056,2016,excluded_category
2057,2016,excluded_category
2058,2017,excluded_category
2059,2019,excluded_category
2060,2019,excluded_category
2061,2021,excluded_category
2062,2022,excluded_category
2064,2023,excluded_category
2065,2023,excluded_category
2072,2024,excluded_category
2073,2025,excluded_category
2074,2025,excluded_category
2075,2026,excluded_category
2077,2028,excluded_category
2079,2029,excluded_category
2081,2030,excluded_category
2082,2031,excluded_category
2083,2031,excluded_category
2084,2031,excluded_category
2085,2031,excluded_category
2086,2032,excluded_category
2087,2033,excluded_category
2088,2033,excluded_category
2089,2033,excluded_category
2090,2034,excluded_category
2091,2034,excluded_category
2092,2034,excluded_category
2093,2034,excluded_category
2094,2034,excluded_category
2095,2034,excluded_category
2096,2034,excluded_category
2097,2035,excluded_category
2098,2035,excluded_category
2099,2035,excluded_category
2100,2035,excluded_category
2101,2035,excluded_category
2102,2036,excluded_category
2103,2037,excluded_category
2104,2038,excluded_category
2105,2039,excluded_category
2106,2040,excluded_category
2107,2041,excluded_category
2108,2042,excluded_category
2109,2043,excluded_category
2110,2045,excluded_category
2111,2046,excluded_category
2112,2046,excluded_category
2113,2046,excluded_category
2114,2047,excluded_category
2115,2047,excluded_category
2116,2048,excluded_category
2117,2049,excluded_category
2118,2051,excluded_category
2119,2052,excluded_category
2120,2052,excluded_category
2121,2053,excluded_category
2122,2053,excluded_category
2123,2055,excluded_category
2124,2055,excluded_category
2125,2056,excluded_category
2128,2057,excluded_category
2129,2058,excluded_category
2130,2059,excluded_category
2131,2060,excluded_category
2132,2061,excluded_category
2133,2062,excluded_category
2134,2062,excluded_category
2135,2062,excluded_category
2136,2063,excluded_category
2137,2064,excluded_category
2138,2065,excluded_category
2139,2065,excluded_category
2140,2065,excluded_category
2141,2065,excluded_category
2142,2066,excluded_category
2143,2068,excluded_category
2144,2070,excluded_category
2145,2072,excluded_category
2146,2072,excluded_category
2147,2073,excluded_category
2148,2074,excluded_category
2149,2075,excluded_category
2150,2075,excluded_category
2151,2075,excluded_category
2152,2075,excluded_category
2153,2076,excluded_category
2154,2077,excluded_category
2155,2079,excluded_category
2156,2079,excluded_category
2157,2080,excluded_category
2158,2081,excluded_category
2159,2082,excluded_category
2160,2082,excluded_category
2161,2082,excluded_category
2162,2084,excluded_category
2163,2085,excluded_category
2164,2089,excluded_category
2165,2089,excluded_category
2166,2089,excluded_category
2167,2090,excluded_category
2168,2090,excluded_category
2169,2090,excluded_category
2170,2091,excluded_category
2171,2091,excluded_category
2172,2091,excluded_category
2173,2093,excluded_category
2174,2094,excluded_category
2175,2095,excluded_category
2176,2098,excluded_category
2177,2099,excluded_category
2178,2100,excluded_category
2179,2101,excluded_category
2180,2102,excluded_category
2181,2109,excluded_category
2182,2111,excluded_category
2183,2112,excluded_category
2184,2114,excluded_category
2185,2114,excluded_category
2186,2114,excluded_category
2187,2117,excluded_category
2189,2118,excluded_category
